{
  "version": "2.4.0",
  "apkFileName": "Tetris™_v1.8(12).apk",
  "isFrameworkApk": false,
  "compressionType": false,
  "sharedLibrary": false,
  "sparseResources": false,
  "sdkInfo": {
    "minSdkVersion": "8",
    "targetSdkVersion": "17"
  },
  "unknownFiles": {},
  "doNotCompress": [
    "resources.arsc",
    "AndroidManifest.xml",
    "png",
    "jpg",
    "ogg"
  ],
  "UsesFramework": {
    "ids": [
      1
    ],
    "tag": null
  },
  "PackageInfo": {
    "forcedPackageId": "127",
    "renameManifestPackage": null
  },
  "VersionInfo": {
    "versionCode": "12",
    "versionName": "1.8"
  }
}